Model,precision,recall,f1_score,accuracy,Log Loss,model
,0.6126760563380281,0.17092337917485265,0.2672811059907834,0.8092,6.877129066643553,Logisitc Regression
,0.7607361963190185,0.24361493123772102,0.36904761904761907,0.8304,6.11300361479427,Decision Tree
,0.7414330218068536,0.4675834970530452,0.5734939759036145,0.8584,5.103781319898988,Random Forest
,0.7386759581881533,0.4165029469548134,0.5326633165829147,0.8512,5.3632956243006324,SVM
